{
  "name": "Open Sans",
  "designer": "Steve Matteson",
  "license": "Apache2",
  "visibility": "External",
  "category": "Sans Serif",
  "size": 113987,
  "fonts": [
    {
      "name": "Open Sans",
      "style": "normal",
      "weight": 300,
      "filename": "OpenSans-Light.ttf",
      "postScriptName": "OpenSans-Light",
      "fullName": "Open Sans Light",
      "copyright": "Digitized data copyright © 2010-2011, Google Corporation."
    },
    {
      "name": "Open Sans",
      "style": "italic",
      "weight": 300,
      "filename": "OpenSans-LightItalic.ttf",
      "postScriptName": "OpenSansLight-Italic",
      "fullName": "Open Sans Light Italic",
      "copyright": "Digitized data copyright © 2010-2011, Google Corporation."
    },
    {
      "name": "Open Sans",
      "style": "normal",
      "weight": 400,
      "filename": "OpenSans-Regular.ttf",
      "postScriptName": "OpenSans",
      "fullName": "Open Sans",
      "copyright": "Digitized data copyright © 2010-2011, Google Corporation."
    },
    {
      "name": "Open Sans",
      "style": "italic",
      "weight": 400,
      "filename": "OpenSans-Italic.ttf",
      "postScriptName": "OpenSans-Italic",
      "fullName": "Open Sans Italic",
      "copyright": "Digitized data copyright © 2010-2011, Google Corporation."
    },
    {
      "name": "Open Sans",
      "style": "normal",
      "weight": 600,
      "filename": "OpenSans-Semibold.ttf",
      "postScriptName": "OpenSans-Semibold",
      "fullName": "Open Sans Semibold",
      "copyright": "Digitized data copyright © 2011, Google Corporation."
    },
    {
      "name": "Open Sans",
      "style": "italic",
      "weight": 600,
      "filename": "OpenSans-SemiboldItalic.ttf",
      "postScriptName": "OpenSans-SemiboldItalic",
      "fullName": "Open Sans Semibold Italic",
      "copyright": "Digitized data copyright © 2010-2011, Google Corporation."
    },
    {
      "name": "Open Sans",
      "style": "normal",
      "weight": 700,
      "filename": "OpenSans-Bold.ttf",
      "postScriptName": "OpenSans-Bold",
      "fullName": "Open Sans Bold",
      "copyright": "Digitized data copyright © 2010-2011, Google Corporation."
    },
    {
      "name": "Open Sans",
      "style": "italic",
      "weight": 700,
      "filename": "OpenSans-BoldItalic.ttf",
      "postScriptName": "OpenSans-BoldItalic",
      "fullName": "Open Sans Bold Italic",
      "copyright": "Digitized data copyright © 2010-2011, Google Corporation."
    },
    {
      "name": "Open Sans",
      "style": "normal",
      "weight": 800,
      "filename": "OpenSans-ExtraBold.ttf",
      "postScriptName": "OpenSans-Extrabold",
      "fullName": "Open Sans Extrabold",
      "copyright": "Digitized data copyright © 2011, Google Corporation."
    },
    {
      "name": "Open Sans",
      "style": "italic",
      "weight": 800,
      "filename": "OpenSans-ExtraBoldItalic.ttf",
      "postScriptName": "OpenSans-ExtraboldItalic",
      "fullName": "Open Sans Extrabold Italic",
      "copyright": "Digitized data copyright © 2010-2011, Google Corporation."
    }
  ],
  "subsets": [
    "cyrillic",
    "cyrillic-ext",
    "devanagari",
    "greek",
    "greek-ext",
    "latin",
    "latin-ext",
    "menu",
    "vietnamese"
  ],
  "dateAdded": "2011-02-02"
}
